{
  "project_info": {
    "project_number": "405107719473",
    "firebase_url": "https://kisaa-65c7a-default-rtdb.firebaseio.com",
    "project_id": "kisaa-65c7a",
    "storage_bucket": "kisaa-65c7a.appspot.com"
  },
  "client": [
    {
      "client_info": {
        "mobilesdk_app_id": "1:405107719473:android:63bee2fe6fcf4e824fc410",
        "android_client_info": {
          "package_name": "com.Arslantranslator.arslantranslator"
        }
      },
      "oauth_client": [
        {
          "client_id": "405107719473-i0bcmi3favnu2v57bum4e4u8dl7e1mdm.apps.googleusercontent.com",
          "client_type": 3
        }
      ],
      "api_key": [
        {
          "current_key": "AIzaSyDtX2n4_2LsY3QPdE9U4S5YqQeIc3q6u4M"
        }
      ],
      "services": {
        "appinvite_service": {
          "other_platform_oauth_client": [
            {
              "client_id": "405107719473-i0bcmi3favnu2v57bum4e4u8dl7e1mdm.apps.googleusercontent.com",
              "client_type": 3
            }
          ]
        }
      }
    },
    {
      "client_info": {
        "mobilesdk_app_id": "1:405107719473:android:cf33b3e6c9972a9c4fc410",
        "android_client_info": {
          "package_name": "com.aaple.asdssdsdad"
        }
      },
      "oauth_client": [
        {
          "client_id": "405107719473-i0bcmi3favnu2v57bum4e4u8dl7e1mdm.apps.googleusercontent.com",
          "client_type": 3
        }
      ],
      "api_key": [
        {
          "current_key": "AIzaSyDtX2n4_2LsY3QPdE9U4S5YqQeIc3q6u4M"
        }
      ],
      "services": {
        "appinvite_service": {
          "other_platform_oauth_client": [
            {
              "client_id": "405107719473-i0bcmi3favnu2v57bum4e4u8dl7e1mdm.apps.googleusercontent.com",
              "client_type": 3
            }
          ]
        }
      }
    },
    {
      "client_info": {
        "mobilesdk_app_id": "1:405107719473:android:6d1ef825293daaaf4fc410",
        "android_client_info": {
          "package_name": "com.angopapo.datoo"
        }
      },
      "oauth_client": [
        {
          "client_id": "405107719473-ltmsmp778rficmo7tls13n7mcigg4723.apps.googleusercontent.com",
          "client_type": 1,
          "android_info": {
            "package_name": "com.angopapo.datoo",
            "certificate_hash": "020845a9a780e3e51b28e549da04f4d415d3656a"
          }
        },
        {
          "client_id": "405107719473-i0bcmi3favnu2v57bum4e4u8dl7e1mdm.apps.googleusercontent.com",
          "client_type": 3
        }
      ],
      "api_key": [
        {
          "current_key": "AIzaSyDtX2n4_2LsY3QPdE9U4S5YqQeIc3q6u4M"
        }
      ],
      "services": {
        "appinvite_service": {
          "other_platform_oauth_client": [
            {
              "client_id": "405107719473-i0bcmi3favnu2v57bum4e4u8dl7e1mdm.apps.googleusercontent.com",
              "client_type": 3
            }
          ]
        }
      }
    },
    {
      "client_info": {
        "mobilesdk_app_id": "1:405107719473:android:f875f6f605105a7c4fc410",
        "android_client_info": {
          "package_name": "com.example.majh"
        }
      },
      "oauth_client": [
        {
          "client_id": "405107719473-i0bcmi3favnu2v57bum4e4u8dl7e1mdm.apps.googleusercontent.com",
          "client_type": 3
        }
      ],
      "api_key": [
        {
          "current_key": "AIzaSyDtX2n4_2LsY3QPdE9U4S5YqQeIc3q6u4M"
        }
      ],
      "services": {
        "appinvite_service": {
          "other_platform_oauth_client": [
            {
              "client_id": "405107719473-i0bcmi3favnu2v57bum4e4u8dl7e1mdm.apps.googleusercontent.com",
              "client_type": 3
            }
          ]
        }
      }
    },
    {
      "client_info": {
        "mobilesdk_app_id": "1:405107719473:android:115b3f2de8b426604fc410",
        "android_client_info": {
          "package_name": "edu.skku.cs.pa3"
        }
      },
      "oauth_client": [
        {
          "client_id": "405107719473-e5ecah1erokn9vrbeltijhnacmn2csl2.apps.googleusercontent.com",
          "client_type": 1,
          "android_info": {
            "package_name": "edu.skku.cs.pa3",
            "certificate_hash": "b6341a050c0b2b31b82aa1c72f5fceaa128d8bef"
          }
        },
        {
          "client_id": "405107719473-i0bcmi3favnu2v57bum4e4u8dl7e1mdm.apps.googleusercontent.com",
          "client_type": 3
        }
      ],
      "api_key": [
        {
          "current_key": "AIzaSyDtX2n4_2LsY3QPdE9U4S5YqQeIc3q6u4M"
        }
      ],
      "services": {
        "appinvite_service": {
          "other_platform_oauth_client": [
            {
              "client_id": "405107719473-i0bcmi3favnu2v57bum4e4u8dl7e1mdm.apps.googleusercontent.com",
              "client_type": 3
            }
          ]
        }
      }
    }
  ],
  "configuration_version": "1"
}